threshold,f1
0.1,0.1632653061224489
0.2,0.5109489051094891
0.3,0.6336633663366337
0.4,0.6585365853658537
0.5,0.6613119143239625
0.6,0.6631016042780749
0.7000000000000001,0.6631016042780749
0.8,0.6631016042780749
0.9,0.6631016042780749
