threshold,f1
0.1,0.0
0.2,0.0
0.30000000000000004,0.05363984674329502
0.4,0.3341645885286783
0.5,0.5765472312703583
0.6,0.6398891966759003
0.7000000000000001,0.6612903225806451
0.8,0.6631016042780749
0.9,0.664886515353805
